<?xml version="1.0" encoding="UTF-8"?>
<project-private xmlns="http://www.netbeans.org/ns/project-private/1">
    <editor-bookmarks xmlns="http://www.netbeans.org/ns/editor-bookmarks/2" lastBookmarkId="0"/>
    <open-files xmlns="http://www.netbeans.org/ns/projectui-open-files/2">
        <group>
            <file>file:/G:/Class%20Projects/FoodOrderingSystem/src/orderingsystem/Hersheys.java</file>
            <file>file:/G:/Class%20Projects/FoodOrderingSystem/src/orderingsystem/SoftDrinks.java</file>
            <file>file:/G:/Class%20Projects/FoodOrderingSystem/src/orderingsystem/FrenchFries.java</file>
            <file>file:/G:/Class%20Projects/FoodOrderingSystem/src/orderingsystem/OrderingSystem.java</file>
        </group>
    </open-files>
</project-private>
